Dropped Features,Tree Accuracy,Tree Precision,Tree Recall,Tree F1 Score,Tree Auc,DNN Accuracy,DNN Precision,DNN Recall,DNN F1 Score
['Absolute Magnitude'],0.9744136460554371,1.0,0.8421052631578947,0.9142857142857143,0.9210526315789473,0.9594882729211087,0.9253731343283582,0.8157894736842105,0.8671328671328671
"['Absolute Magnitude', 'Orbit Uncertainity']",0.9744136460554371,1.0,0.8421052631578947,0.9142857142857143,0.9210526315789473,0.9488272921108742,0.8823529411764706,0.7894736842105263,0.8333333333333334
"['Absolute Magnitude', 'Est Dia in KM(min)']",0.9339019189765458,0.8260869565217391,0.75,0.7862068965517242,0.8597328244274808,0.9445628997867804,0.9032258064516129,0.7368421052631579,0.8115942028985508
"['Absolute Magnitude', 'Est Dia in KM(min)', 'Orbit Uncertainity']",0.9488272921108742,0.9482758620689655,0.7236842105263158,0.8208955223880597,0.922659702691844,0.9232409381663113,0.8448275862068966,0.6447368421052632,0.7313432835820896
['Orbit Uncertainity'],0.976545842217484,1.0,0.8552631578947368,0.9219858156028369,0.9276315789473684,0.9701492537313433,0.9696969696969697,0.8421052631578947,0.9014084507042254
"['Est Dia in KM(min)', 'Orbit Uncertainity']",0.9957356076759062,1.0,0.9736842105263158,0.9866666666666667,0.986842105263158,0.976545842217484,0.9577464788732394,0.8947368421052632,0.9251700680272109
['Est Dia in KM(min)'],0.9914712153518124,1.0,0.9473684210526315,0.972972972972973,0.9736842105263157,0.9722814498933902,0.9846153846153847,0.8421052631578947,0.9078014184397163
